cpf;nome paciente;email paciente;data nascimento paciente;endereço/rua paciente;cidade paciente;estado patiente;crm médico;crm médico estado;nome médico;email médico;token resultado exame;data exame;tipo exame;limites tipo exame;resultado tipo exame
048.973.170-88;Emilly Batista Neto;gerald.crona@ebert-quigley.com;2001-03-11;165 Rua Rafaela;Ituverava;Alagoas;B000BJ20J4;PI;Maria Luiza Pires;denna@wisozk.biz;IQCZ17;2021-08-05;hemácias;45-52;97
048.973.170-88;Emilly Batista Neto;gerald.crona@ebert-quigley.com;2001-03-11;165 Rua Rafaela;Ituverava;Alagoas;B000BJ20J4;PI;Maria Luiza Pires;denna@wisozk.biz;IQCZ17;2021-08-05;leucócitos;9-61;89
048.973.170-88;Emilly Batista Neto;gerald.crona@ebert-quigley.com;2001-03-11;165 Rua Rafaela;Ituverava;Alagoas;B000BJ20J4;PI;Maria Luiza Pires;denna@wisozk.biz;IQCZ17;2021-08-05;plaquetas;11-93;97
048.973.170-88;Emilly Batista Neto;gerald.crona@ebert-quigley.com;2001-03-11;165 Rua Rafaela;Ituverava;Alagoas;B000BJ20J4;PI;Maria Luiza Pires;denna@wisozk.biz;IQCZ17;2021-08-05;hdl;19-75;0
048.108.026-04;Juliana dos Reis Filho;mariana_crist@kutch-torp.com;1995-07-03;527 Rodovia Júlio;Lagoa da Canoa;Paraíba;B0002IQM66;SC;Maria Helena Ramalho;rayford@kemmer-kunze.info;0W9I67;2021-07-09;ldl;45-54;66
048.108.026-04;Juliana dos Reis Filho;mariana_crist@kutch-torp.com;1995-07-03;527 Rodovia Júlio;Lagoa da Canoa;Paraíba;B0002IQM66;SC;Maria Helena Ramalho;rayford@kemmer-kunze.info;0W9I67;2021-07-09;vldl;48-72;41
048.108.026-04;Juliana dos Reis Filho;mariana_crist@kutch-torp.com;1995-07-03;527 Rodovia Júlio;Lagoa da Canoa;Paraíba;B0002IQM66;SC;Maria Helena Ramalho;rayford@kemmer-kunze.info;0W9I67;2021-07-09;glicemia;25-83;6
048.108.026-04;Juliana dos Reis Filho;mariana_crist@kutch-torp.com;1995-07-03;527 Rodovia Júlio;Lagoa da Canoa;Paraíba;B0002IQM66;SC;Maria Helena Ramalho;rayford@kemmer-kunze.info;0W9I67;2021-07-09;tgo;50-84;32
048.108.026-04;Juliana dos Reis Filho;mariana_crist@kutch-torp.com;1995-07-03;527 Rodovia Júlio;Lagoa da Canoa;Paraíba;B0002IQM66;SC;Maria Helena Ramalho;rayford@kemmer-kunze.info;0W9I67;2021-07-09;tgp;38-63;16
048.108.026-04;Juliana dos Reis Filho;mariana_crist@kutch-torp.com;1995-07-03;527 Rodovia Júlio;Lagoa da Canoa;Paraíba;B0002IQM66;SC;Maria Helena Ramalho;rayford@kemmer-kunze.info;0W9I67;2021-07-09;eletrólitos;2-68;61
048.108.026-04;Juliana dos Reis Filho;mariana_crist@kutch-torp.com;1995-07-03;527 Rodovia Júlio;Lagoa da Canoa;Paraíba;B0002IQM66;SC;Maria Helena Ramalho;rayford@kemmer-kunze.info;0W9I67;2021-07-09;tsh;25-80;13
048.108.026-04;Juliana dos Reis Filho;mariana_crist@kutch-torp.com;1995-07-03;527 Rodovia Júlio;Lagoa da Canoa;Paraíba;B0002IQM66;SC;Maria Helena Ramalho;rayford@kemmer-kunze.info;0W9I67;2021-07-09;t4-livre;34-60;9
048.108.026-04;Juliana dos Reis Filho;mariana_crist@kutch-torp.com;1995-07-03;527 Rodovia Júlio;Lagoa da Canoa;Paraíba;B0002IQM66;SC;Maria Helena Ramalho;rayford@kemmer-kunze.info;0W9I67;2021-07-09;ácido úrico;15-61;78
066.126.400-90;Matheus Barroso;maricela@streich.com;1972-03-09;9378 Rua Stella Braga;Senador Elói de Souza;Pernambuco;B000B7CDX4;SP;Sra. Calebe Louzada;kendra@nolan-sawayn.co;T9O6AI;2021-11-21;tgp;38-63;34
066.126.400-90;Matheus Barroso;maricela@streich.com;1972-03-09;9378 Rua Stella Braga;Senador Elói de Souza;Pernambuco;B000B7CDX4;SP;Sra. Calebe Louzada;kendra@nolan-sawayn.co;T9O6AI;2021-11-21;eletrólitos;2-68;92
066.126.400-90;Matheus Barroso;maricela@streich.com;1972-03-09;9378 Rua Stella Braga;Senador Elói de Souza;Pernambuco;B000B7CDX4;SP;Sra. Calebe Louzada;kendra@nolan-sawayn.co;T9O6AI;2021-11-21;tsh;25-80;21
066.126.400-90;Matheus Barroso;maricela@streich.com;1972-03-09;9378 Rua Stella Braga;Senador Elói de Souza;Pernambuco;B000B7CDX4;SP;Sra. Calebe Louzada;kendra@nolan-sawayn.co;T9O6AI;2021-11-21;t4-livre;34-60;95
066.126.400-90;Matheus Barroso;maricela@streich.com;1972-03-09;9378 Rua Stella Braga;Senador Elói de Souza;Pernambuco;B000B7CDX4;SP;Sra. Calebe Louzada;kendra@nolan-sawayn.co;T9O6AI;2021-11-21;ácido úrico;15-61;10
089.034.562-70;Patricia Gentil;herta_wehner@krajcik.name;1998-02-25;5334 Rodovia Thiago Bittencourt;Jequitibá;Paraná;B0002W2RBG;CE;Dra. Isabelly Rêgo;diann_klein@schinner.org;TJUXC2;2021-10-05;ácido úrico;15-61;94
077.411.587-40;Ígor Moura;edelmira.stanton@lowe-blick.io;1991-02-27;550 Rua Norberto;Anajatuba;Rio de Janeiro;B000BJ20J4;PI;Maria Luiza Pires;denna@wisozk.biz;2VPICQ;2021-04-23;ldl;45-54;84
077.411.587-40;Ígor Moura;edelmira.stanton@lowe-blick.io;1991-02-27;550 Rua Norberto;Anajatuba;Rio de Janeiro;B000BJ20J4;PI;Maria Luiza Pires;denna@wisozk.biz;2VPICQ;2021-04-23;vldl;48-72;85
077.411.587-40;Ígor Moura;edelmira.stanton@lowe-blick.io;1991-02-27;550 Rua Norberto;Anajatuba;Rio de Janeiro;B000BJ20J4;PI;Maria Luiza Pires;denna@wisozk.biz;2VPICQ;2021-04-23;ácido úrico;15-61;58
089.034.562-70;Patricia Gentil;herta_wehner@krajcik.name;1998-02-25;5334 Rodovia Thiago Bittencourt;Jequitibá;Paraná;B00067668W;RS;Félix Garcês;letty_greenfelder@herzog.name;ST7APU;2022-03-24;hemácias;45-52;81
089.034.562-70;Patricia Gentil;herta_wehner@krajcik.name;1998-02-25;5334 Rodovia Thiago Bittencourt;Jequitibá;Paraná;B00067668W;RS;Félix Garcês;letty_greenfelder@herzog.name;ST7APU;2022-03-24;leucócitos;9-61;66
089.034.562-70;Patricia Gentil;herta_wehner@krajcik.name;1998-02-25;5334 Rodovia Thiago Bittencourt;Jequitibá;Paraná;B00067668W;RS;Félix Garcês;letty_greenfelder@herzog.name;ST7APU;2022-03-24;plaquetas;11-93;68
089.034.562-70;Patricia Gentil;herta_wehner@krajcik.name;1998-02-25;5334 Rodovia Thiago Bittencourt;Jequitibá;Paraná;B00067668W;RS;Félix Garcês;letty_greenfelder@herzog.name;ST7APU;2022-03-24;hdl;19-75;49
089.034.562-70;Patricia Gentil;herta_wehner@krajcik.name;1998-02-25;5334 Rodovia Thiago Bittencourt;Jequitibá;Paraná;B00067668W;RS;Félix Garcês;letty_greenfelder@herzog.name;ST7APU;2022-03-24;ldl;45-54;24
089.034.562-70;Patricia Gentil;herta_wehner@krajcik.name;1998-02-25;5334 Rodovia Thiago Bittencourt;Jequitibá;Paraná;B00067668W;RS;Félix Garcês;letty_greenfelder@herzog.name;ST7APU;2022-03-24;vldl;48-72;36
083.892.729-70;João Samuel Garcês;madonna@gerhold-bode.io;1967-07-06;s/n Rua Bento;Taubaté;Pará;B000BJ8TIA;PR;Ana Sophia Aparício Neto;corene.hane@pagac.io;EMHUW2;2021-04-20;hemácias;45-52;39
083.892.729-70;João Samuel Garcês;madonna@gerhold-bode.io;1967-07-06;s/n Rua Bento;Taubaté;Pará;B000BJ8TIA;PR;Ana Sophia Aparício Neto;corene.hane@pagac.io;EMHUW2;2021-04-20;leucócitos;9-61;89
083.892.729-70;João Samuel Garcês;madonna@gerhold-bode.io;1967-07-06;s/n Rua Bento;Taubaté;Pará;B000BJ8TIA;PR;Ana Sophia Aparício Neto;corene.hane@pagac.io;EMHUW2;2021-04-20;plaquetas;11-93;98
083.892.729-70;João Samuel Garcês;madonna@gerhold-bode.io;1967-07-06;s/n Rua Bento;Taubaté;Pará;B000BJ8TIA;PR;Ana Sophia Aparício Neto;corene.hane@pagac.io;EMHUW2;2021-04-20;hdl;19-75;87
009.898.217-65;João Guilherme Palmeira;hermelinda.swaniawski@klocko.biz;1961-06-01;9731 Viela Arthur Pereira;Barra de São Francisco;Paraíba;B000HB2O2O;ES;Núbia Godins;christy_dickinson@langworth.org;7Y35FE;2021-07-16;hemácias;45-52;59
009.898.217-65;João Guilherme Palmeira;hermelinda.swaniawski@klocko.biz;1961-06-01;9731 Viela Arthur Pereira;Barra de São Francisco;Paraíba;B000HB2O2O;ES;Núbia Godins;christy_dickinson@langworth.org;7Y35FE;2021-07-16;leucócitos;9-61;12
009.898.217-65;João Guilherme Palmeira;hermelinda.swaniawski@klocko.biz;1961-06-01;9731 Viela Arthur Pereira;Barra de São Francisco;Paraíba;B000HB2O2O;ES;Núbia Godins;christy_dickinson@langworth.org;7Y35FE;2021-07-16;plaquetas;11-93;2
009.898.217-65;João Guilherme Palmeira;hermelinda.swaniawski@klocko.biz;1961-06-01;9731 Viela Arthur Pereira;Barra de São Francisco;Paraíba;B000HB2O2O;ES;Núbia Godins;christy_dickinson@langworth.org;7Y35FE;2021-07-16;hdl;19-75;7
009.898.217-65;João Guilherme Palmeira;hermelinda.swaniawski@klocko.biz;1961-06-01;9731 Viela Arthur Pereira;Barra de São Francisco;Paraíba;B000HB2O2O;ES;Núbia Godins;christy_dickinson@langworth.org;7Y35FE;2021-07-16;ldl;45-54;73
009.898.217-65;João Guilherme Palmeira;hermelinda.swaniawski@klocko.biz;1961-06-01;9731 Viela Arthur Pereira;Barra de São Francisco;Paraíba;B000HB2O2O;ES;Núbia Godins;christy_dickinson@langworth.org;7Y35FE;2021-07-16;vldl;48-72;82
027.989.952-13;Deneval Caseira;bonny.pagac@huel.name;1967-02-13;4514 Avenida Manuela Hermingues;Borá;Distrito Federal;B0002IQM66;SC;Maria Helena Ramalho;rayford@kemmer-kunze.info;EDSRDE;2021-08-04;hemácias;45-52;13
027.989.952-13;Deneval Caseira;bonny.pagac@huel.name;1967-02-13;4514 Avenida Manuela Hermingues;Borá;Distrito Federal;B0002IQM66;SC;Maria Helena Ramalho;rayford@kemmer-kunze.info;EDSRDE;2021-08-04;leucócitos;9-61;80
027.989.952-13;Deneval Caseira;bonny.pagac@huel.name;1967-02-13;4514 Avenida Manuela Hermingues;Borá;Distrito Federal;B0002IQM66;SC;Maria Helena Ramalho;rayford@kemmer-kunze.info;EDSRDE;2021-08-04;plaquetas;11-93;28
027.989.952-13;Deneval Caseira;bonny.pagac@huel.name;1967-02-13;4514 Avenida Manuela Hermingues;Borá;Distrito Federal;B0002IQM66;SC;Maria Helena Ramalho;rayford@kemmer-kunze.info;EDSRDE;2021-08-04;hdl;19-75;91
027.989.952-13;Deneval Caseira;bonny.pagac@huel.name;1967-02-13;4514 Avenida Manuela Hermingues;Borá;Distrito Federal;B0002IQM66;SC;Maria Helena Ramalho;rayford@kemmer-kunze.info;EDSRDE;2021-08-04;ldl;45-54;67
027.989.952-13;Deneval Caseira;bonny.pagac@huel.name;1967-02-13;4514 Avenida Manuela Hermingues;Borá;Distrito Federal;B0002IQM66;SC;Maria Helena Ramalho;rayford@kemmer-kunze.info;EDSRDE;2021-08-04;vldl;48-72;82
083.892.729-70;João Samuel Garcês;madonna@gerhold-bode.io;1967-07-06;s/n Rua Bento;Taubaté;Pará;B0002W2RBG;CE;Dra. Isabelly Rêgo;diann_klein@schinner.org;SHURZ5;2022-01-05;hemácias;45-52;87
083.892.729-70;João Samuel Garcês;madonna@gerhold-bode.io;1967-07-06;s/n Rua Bento;Taubaté;Pará;B0002W2RBG;CE;Dra. Isabelly Rêgo;diann_klein@schinner.org;SHURZ5;2022-01-05;leucócitos;9-61;60
083.892.729-70;João Samuel Garcês;madonna@gerhold-bode.io;1967-07-06;s/n Rua Bento;Taubaté;Pará;B0002W2RBG;CE;Dra. Isabelly Rêgo;diann_klein@schinner.org;SHURZ5;2022-01-05;plaquetas;11-93;2
083.892.729-70;João Samuel Garcês;madonna@gerhold-bode.io;1967-07-06;s/n Rua Bento;Taubaté;Pará;B0002W2RBG;CE;Dra. Isabelly Rêgo;diann_klein@schinner.org;SHURZ5;2022-01-05;hdl;19-75;53
083.892.729-70;João Samuel Garcês;madonna@gerhold-bode.io;1967-07-06;s/n Rua Bento;Taubaté;Pará;B0002W2RBG;CE;Dra. Isabelly Rêgo;diann_klein@schinner.org;SHURZ5;2022-01-05;ldl;45-54;41
083.892.729-70;João Samuel Garcês;madonna@gerhold-bode.io;1967-07-06;s/n Rua Bento;Taubaté;Pará;B0002W2RBG;CE;Dra. Isabelly Rêgo;diann_klein@schinner.org;SHURZ5;2022-01-05;vldl;48-72;33
019.338.696-82;Vitor Hugo Gomes Neto;leona@bahringer.net;1978-01-26;s/n Marginal Eloah Dantas;Serra Negra do Norte;Santa Catarina;B0002W2RBG;CE;Dra. Isabelly Rêgo;diann_klein@schinner.org;Z95COQ;2021-04-29;hemácias;45-52;97
019.338.696-82;Vitor Hugo Gomes Neto;leona@bahringer.net;1978-01-26;s/n Marginal Eloah Dantas;Serra Negra do Norte;Santa Catarina;B0002W2RBG;CE;Dra. Isabelly Rêgo;diann_klein@schinner.org;Z95COQ;2021-04-29;leucócitos;9-61;6
019.338.696-82;Vitor Hugo Gomes Neto;leona@bahringer.net;1978-01-26;s/n Marginal Eloah Dantas;Serra Negra do Norte;Santa Catarina;B0002W2RBG;CE;Dra. Isabelly Rêgo;diann_klein@schinner.org;Z95COQ;2021-04-29;plaquetas;11-93;18
019.338.696-82;Vitor Hugo Gomes Neto;leona@bahringer.net;1978-01-26;s/n Marginal Eloah Dantas;Serra Negra do Norte;Santa Catarina;B0002W2RBG;CE;Dra. Isabelly Rêgo;diann_klein@schinner.org;Z95COQ;2021-04-29;hdl;19-75;56
019.338.696-82;Vitor Hugo Gomes Neto;leona@bahringer.net;1978-01-26;s/n Marginal Eloah Dantas;Serra Negra do Norte;Santa Catarina;B0002W2RBG;CE;Dra. Isabelly Rêgo;diann_klein@schinner.org;Z95COQ;2021-04-29;ldl;45-54;88
019.338.696-82;Vitor Hugo Gomes Neto;leona@bahringer.net;1978-01-26;s/n Marginal Eloah Dantas;Serra Negra do Norte;Santa Catarina;B0002W2RBG;CE;Dra. Isabelly Rêgo;diann_klein@schinner.org;Z95COQ;2021-04-29;vldl;48-72;30
019.338.696-82;Vitor Hugo Gomes Neto;leona@bahringer.net;1978-01-26;s/n Marginal Eloah Dantas;Serra Negra do Norte;Santa Catarina;B0002W2RBG;CE;Dra. Isabelly Rêgo;diann_klein@schinner.org;Z95COQ;2021-04-29;glicemia;25-83;6
019.338.696-82;Vitor Hugo Gomes Neto;leona@bahringer.net;1978-01-26;s/n Marginal Eloah Dantas;Serra Negra do Norte;Santa Catarina;B0002W2RBG;CE;Dra. Isabelly Rêgo;diann_klein@schinner.org;Z95COQ;2021-04-29;tgo;50-84;41
019.338.696-82;Vitor Hugo Gomes Neto;leona@bahringer.net;1978-01-26;s/n Marginal Eloah Dantas;Serra Negra do Norte;Santa Catarina;B0002W2RBG;CE;Dra. Isabelly Rêgo;diann_klein@schinner.org;Z95COQ;2021-04-29;tgp;38-63;100
019.338.696-82;Vitor Hugo Gomes Neto;leona@bahringer.net;1978-01-26;s/n Marginal Eloah Dantas;Serra Negra do Norte;Santa Catarina;B0002W2RBG;CE;Dra. Isabelly Rêgo;diann_klein@schinner.org;Z95COQ;2021-04-29;eletrólitos;2-68;11
019.338.696-82;Vitor Hugo Gomes Neto;leona@bahringer.net;1978-01-26;s/n Marginal Eloah Dantas;Serra Negra do Norte;Santa Catarina;B0002W2RBG;CE;Dra. Isabelly Rêgo;diann_klein@schinner.org;Z95COQ;2021-04-29;tsh;25-80;79
019.338.696-82;Vitor Hugo Gomes Neto;leona@bahringer.net;1978-01-26;s/n Marginal Eloah Dantas;Serra Negra do Norte;Santa Catarina;B0002W2RBG;CE;Dra. Isabelly Rêgo;diann_klein@schinner.org;Z95COQ;2021-04-29;t4-livre;34-60;39
019.338.696-82;Vitor Hugo Gomes Neto;leona@bahringer.net;1978-01-26;s/n Marginal Eloah Dantas;Serra Negra do Norte;Santa Catarina;B0002W2RBG;CE;Dra. Isabelly Rêgo;diann_klein@schinner.org;Z95COQ;2021-04-29;ácido úrico;15-61;52
013.888.116-26;Giovanna Rêgo;jefferson_renner@schulist.com;2000-04-16;s/n Marginal Júlia Paiva;Eliseu Martins;Roraima;B0002W2RBG;SP;Dra. Isabelly Rêgo;diann_klein@schinner.org;F6SPTX;2021-10-29;hemácias;45-52;1
013.888.116-26;Giovanna Rêgo;jefferson_renner@schulist.com;2000-04-16;s/n Marginal Júlia Paiva;Eliseu Martins;Roraima;B0002W2RBG;SP;Dra. Isabelly Rêgo;diann_klein@schinner.org;F6SPTX;2021-10-29;leucócitos;9-61;97
013.888.116-26;Giovanna Rêgo;jefferson_renner@schulist.com;2000-04-16;s/n Marginal Júlia Paiva;Eliseu Martins;Roraima;B0002W2RBG;SP;Dra. Isabelly Rêgo;diann_klein@schinner.org;F6SPTX;2021-10-29;plaquetas;11-93;1
013.888.116-26;Giovanna Rêgo;jefferson_renner@schulist.com;2000-04-16;s/n Marginal Júlia Paiva;Eliseu Martins;Roraima;B0002W2RBG;SP;Dra. Isabelly Rêgo;diann_klein@schinner.org;F6SPTX;2021-10-29;hdl;19-75;83
013.888.116-26;Giovanna Rêgo;jefferson_renner@schulist.com;2000-04-16;s/n Marginal Júlia Paiva;Eliseu Martins;Roraima;B0002W2RBG;SP;Dra. Isabelly Rêgo;diann_klein@schinner.org;F6SPTX;2021-10-29;ldl;45-54;67
013.888.116-26;Giovanna Rêgo;jefferson_renner@schulist.com;2000-04-16;s/n Marginal Júlia Paiva;Eliseu Martins;Roraima;B0002W2RBG;SP;Dra. Isabelly Rêgo;diann_klein@schinner.org;F6SPTX;2021-10-29;vldl;48-72;82
013.888.116-26;Giovanna Rêgo;jefferson_renner@schulist.com;2000-04-16;s/n Marginal Júlia Paiva;Eliseu Martins;Roraima;B0002W2RBG;SP;Dra. Isabelly Rêgo;diann_klein@schinner.org;F6SPTX;2021-10-29;glicemia;25-83;25
013.888.116-26;Giovanna Rêgo;jefferson_renner@schulist.com;2000-04-16;s/n Marginal Júlia Paiva;Eliseu Martins;Roraima;B0002W2RBG;SP;Dra. Isabelly Rêgo;diann_klein@schinner.org;F6SPTX;2021-10-29;tgo;50-84;44
013.888.116-26;Giovanna Rêgo;jefferson_renner@schulist.com;2000-04-16;s/n Marginal Júlia Paiva;Eliseu Martins;Roraima;B0002W2RBG;SP;Dra. Isabelly Rêgo;diann_klein@schinner.org;F6SPTX;2021-10-29;tgp;38-63;15
013.888.116-26;Giovanna Rêgo;jefferson_renner@schulist.com;2000-04-16;s/n Marginal Júlia Paiva;Eliseu Martins;Roraima;B0002W2RBG;SP;Dra. Isabelly Rêgo;diann_klein@schinner.org;F6SPTX;2021-10-29;eletrólitos;2-68;9
013.888.116-26;Giovanna Rêgo;jefferson_renner@schulist.com;2000-04-16;s/n Marginal Júlia Paiva;Eliseu Martins;Roraima;B0002W2RBG;SP;Dra. Isabelly Rêgo;diann_klein@schinner.org;F6SPTX;2021-10-29;tsh;25-80;3
013.888.116-26;Giovanna Rêgo;jefferson_renner@schulist.com;2000-04-16;s/n Marginal Júlia Paiva;Eliseu Martins;Roraima;B0002W2RBG;SP;Dra. Isabelly Rêgo;diann_klein@schinner.org;F6SPTX;2021-10-29;t4-livre;34-60;23
013.888.116-26;Giovanna Rêgo;jefferson_renner@schulist.com;2000-04-16;s/n Marginal Júlia Paiva;Eliseu Martins;Roraima;B0002W2RBG;SP;Dra. Isabelly Rêgo;diann_klein@schinner.org;F6SPTX;2021-10-29;ácido úrico;15-61;73
083.892.729-70;João Samuel Garcês;madonna@gerhold-bode.io;1967-07-06;s/n Rua Bento;Taubaté;Pará;B000BJ8TIA;PR;Ana Sophia Aparício Neto;corene.hane@pagac.io;P5T1PT;2021-08-10;hemácias;45-52;3
083.892.729-70;João Samuel Garcês;madonna@gerhold-bode.io;1967-07-06;s/n Rua Bento;Taubaté;Pará;B000BJ8TIA;PR;Ana Sophia Aparício Neto;corene.hane@pagac.io;P5T1PT;2021-08-10;leucócitos;9-61;10
083.892.729-70;João Samuel Garcês;madonna@gerhold-bode.io;1967-07-06;s/n Rua Bento;Taubaté;Pará;B000BJ8TIA;PR;Ana Sophia Aparício Neto;corene.hane@pagac.io;P5T1PT;2021-08-10;plaquetas;11-93;29
083.892.729-70;João Samuel Garcês;madonna@gerhold-bode.io;1967-07-06;s/n Rua Bento;Taubaté;Pará;B000BJ8TIA;PR;Ana Sophia Aparício Neto;corene.hane@pagac.io;P5T1PT;2021-08-10;hdl;19-75;92
083.892.729-70;João Samuel Garcês;madonna@gerhold-bode.io;1967-07-06;s/n Rua Bento;Taubaté;Pará;B000BJ8TIA;PR;Ana Sophia Aparício Neto;corene.hane@pagac.io;P5T1PT;2021-08-10;ldl;45-54;49
083.892.729-70;João Samuel Garcês;madonna@gerhold-bode.io;1967-07-06;s/n Rua Bento;Taubaté;Pará;B000BJ8TIA;PR;Ana Sophia Aparício Neto;corene.hane@pagac.io;P5T1PT;2021-08-10;vldl;48-72;53
083.892.729-70;João Samuel Garcês;madonna@gerhold-bode.io;1967-07-06;s/n Rua Bento;Taubaté;Pará;B000BJ8TIA;PR;Ana Sophia Aparício Neto;corene.hane@pagac.io;P5T1PT;2021-08-10;glicemia;25-83;47
083.892.729-70;João Samuel Garcês;madonna@gerhold-bode.io;1967-07-06;s/n Rua Bento;Taubaté;Pará;B000BJ8TIA;PR;Ana Sophia Aparício Neto;corene.hane@pagac.io;P5T1PT;2021-08-10;tgo;50-84;50
083.892.729-70;João Samuel Garcês;madonna@gerhold-bode.io;1967-07-06;s/n Rua Bento;Taubaté;Pará;B000BJ8TIA;PR;Ana Sophia Aparício Neto;corene.hane@pagac.io;P5T1PT;2021-08-10;tgp;38-63;71
083.892.729-70;João Samuel Garcês;madonna@gerhold-bode.io;1967-07-06;s/n Rua Bento;Taubaté;Pará;B000BJ8TIA;PR;Ana Sophia Aparício Neto;corene.hane@pagac.io;P5T1PT;2021-08-10;eletrólitos;2-68;74
083.892.729-70;João Samuel Garcês;madonna@gerhold-bode.io;1967-07-06;s/n Rua Bento;Taubaté;Pará;B000BJ8TIA;PR;Ana Sophia Aparício Neto;corene.hane@pagac.io;P5T1PT;2021-08-10;tsh;25-80;23
083.892.729-70;João Samuel Garcês;madonna@gerhold-bode.io;1967-07-06;s/n Rua Bento;Taubaté;Pará;B000BJ8TIA;PR;Ana Sophia Aparício Neto;corene.hane@pagac.io;P5T1PT;2021-08-10;t4-livre;34-60;36
083.892.729-70;João Samuel Garcês;madonna@gerhold-bode.io;1967-07-06;s/n Rua Bento;Taubaté;Pará;B000BJ8TIA;PR;Ana Sophia Aparício Neto;corene.hane@pagac.io;P5T1PT;2021-08-10;ácido úrico;15-61;22
052.041.078-51;Sra. Meire da Terra;lavinia@bartoletti.co;1968-06-21;230 Rua Eduarda;Rio Fortuna;Maranhão;B0002IQM66;SC;Maria Helena Ramalho;rayford@kemmer-kunze.info;NIG0TP;2022-01-08;hemácias;45-52;17
052.041.078-51;Sra. Meire da Terra;lavinia@bartoletti.co;1968-06-21;230 Rua Eduarda;Rio Fortuna;Maranhão;B0002IQM66;SC;Maria Helena Ramalho;rayford@kemmer-kunze.info;NIG0TP;2022-01-08;leucócitos;9-61;64
052.041.078-51;Sra. Meire da Terra;lavinia@bartoletti.co;1968-06-21;230 Rua Eduarda;Rio Fortuna;Maranhão;B0002IQM66;SC;Maria Helena Ramalho;rayford@kemmer-kunze.info;NIG0TP;2022-01-08;plaquetas;11-93;38
073.372.599-64;Liz Rios Neto;bernarda_beer@emard.org;1965-11-17;s/n Viela Thiago da Cunha;Ibitiara;Rondônia;B000HB2O2O;ES;Núbia Godins;christy_dickinson@langworth.org;0DJ575;2021-12-29;ácido úrico;15-61;4
099.204.552-53;Ladislau Duarte;lisha@rosenbaum.org;1981-02-02;s/n Marginal Pietro;Peritiba;Rio Grande do Norte;B0002W2RBG;SP;Dra. Isabelly Rêgo;diann_klein@schinner.org;1TF4I1;2021-10-02;vldl;48-72;28
099.204.552-53;Ladislau Duarte;lisha@rosenbaum.org;1981-02-02;s/n Marginal Pietro;Peritiba;Rio Grande do Norte;B0002W2RBG;SP;Dra. Isabelly Rêgo;diann_klein@schinner.org;1TF4I1;2021-10-02;glicemia;25-83;98
099.204.552-53;Ladislau Duarte;lisha@rosenbaum.org;1981-02-02;s/n Marginal Pietro;Peritiba;Rio Grande do Norte;B0002W2RBG;SP;Dra. Isabelly Rêgo;diann_klein@schinner.org;1TF4I1;2021-10-02;tgo;50-84;2
099.204.552-53;Ladislau Duarte;lisha@rosenbaum.org;1981-02-02;s/n Marginal Pietro;Peritiba;Rio Grande do Norte;B0002W2RBG;SP;Dra. Isabelly Rêgo;diann_klein@schinner.org;1TF4I1;2021-10-02;tgp;38-63;32
099.204.552-53;Ladislau Duarte;lisha@rosenbaum.org;1981-02-02;s/n Marginal Pietro;Peritiba;Rio Grande do Norte;B0002W2RBG;SP;Dra. Isabelly Rêgo;diann_klein@schinner.org;1TF4I1;2021-10-02;eletrólitos;2-68;41
099.204.552-53;Ladislau Duarte;lisha@rosenbaum.org;1981-02-02;s/n Marginal Pietro;Peritiba;Rio Grande do Norte;B0002W2RBG;SP;Dra. Isabelly Rêgo;diann_klein@schinner.org;1TF4I1;2021-10-02;tsh;25-80;89
099.204.552-53;Ladislau Duarte;lisha@rosenbaum.org;1981-02-02;s/n Marginal Pietro;Peritiba;Rio Grande do Norte;B0002W2RBG;SP;Dra. Isabelly Rêgo;diann_klein@schinner.org;1TF4I1;2021-10-02;t4-livre;34-60;18
099.204.552-53;Ladislau Duarte;lisha@rosenbaum.org;1981-02-02;s/n Marginal Pietro;Peritiba;Rio Grande do Norte;B0002W2RBG;SP;Dra. Isabelly Rêgo;diann_klein@schinner.org;1TF4I1;2021-10-02;ácido úrico;15-61;79
099.204.552-53;Ladislau Duarte;lisha@rosenbaum.org;1981-02-02;s/n Marginal Pietro;Peritiba;Rio Grande do Norte;B000BJ8TIA;PR;Ana Sophia Aparício Neto;corene.hane@pagac.io;00S0MD;2022-03-03;hemácias;45-52;45
099.204.552-53;Ladislau Duarte;lisha@rosenbaum.org;1981-02-02;s/n Marginal Pietro;Peritiba;Rio Grande do Norte;B000BJ8TIA;PR;Ana Sophia Aparício Neto;corene.hane@pagac.io;00S0MD;2022-03-03;leucócitos;9-61;82
099.204.552-53;Ladislau Duarte;lisha@rosenbaum.org;1981-02-02;s/n Marginal Pietro;Peritiba;Rio Grande do Norte;B000BJ8TIA;PR;Ana Sophia Aparício Neto;corene.hane@pagac.io;00S0MD;2022-03-03;plaquetas;11-93;25
099.204.552-53;Ladislau Duarte;lisha@rosenbaum.org;1981-02-02;s/n Marginal Pietro;Peritiba;Rio Grande do Norte;B000BJ8TIA;PR;Ana Sophia Aparício Neto;corene.hane@pagac.io;00S0MD;2022-03-03;hdl;19-75;0
099.204.552-53;Ladislau Duarte;lisha@rosenbaum.org;1981-02-02;s/n Marginal Pietro;Peritiba;Rio Grande do Norte;B000BJ8TIA;PR;Ana Sophia Aparício Neto;corene.hane@pagac.io;00S0MD;2022-03-03;ldl;45-54;65
099.204.552-53;Ladislau Duarte;lisha@rosenbaum.org;1981-02-02;s/n Marginal Pietro;Peritiba;Rio Grande do Norte;B000BJ8TIA;PR;Ana Sophia Aparício Neto;corene.hane@pagac.io;00S0MD;2022-03-03;vldl;48-72;100
099.204.552-53;Ladislau Duarte;lisha@rosenbaum.org;1981-02-02;s/n Marginal Pietro;Peritiba;Rio Grande do Norte;B000BJ8TIA;PR;Ana Sophia Aparício Neto;corene.hane@pagac.io;00S0MD;2022-03-03;glicemia;25-83;43
099.204.552-53;Ladislau Duarte;lisha@rosenbaum.org;1981-02-02;s/n Marginal Pietro;Peritiba;Rio Grande do Norte;B000BJ8TIA;PR;Ana Sophia Aparício Neto;corene.hane@pagac.io;00S0MD;2022-03-03;tgo;50-84;25
099.204.552-53;Ladislau Duarte;lisha@rosenbaum.org;1981-02-02;s/n Marginal Pietro;Peritiba;Rio Grande do Norte;B000BJ8TIA;PR;Ana Sophia Aparício Neto;corene.hane@pagac.io;00S0MD;2022-03-03;tgp;38-63;3
099.204.552-53;Ladislau Duarte;lisha@rosenbaum.org;1981-02-02;s/n Marginal Pietro;Peritiba;Rio Grande do Norte;B000BJ8TIA;PR;Ana Sophia Aparício Neto;corene.hane@pagac.io;00S0MD;2022-03-03;eletrólitos;2-68;54
099.204.552-53;Ladislau Duarte;lisha@rosenbaum.org;1981-02-02;s/n Marginal Pietro;Peritiba;Rio Grande do Norte;B000BJ8TIA;PR;Ana Sophia Aparício Neto;corene.hane@pagac.io;00S0MD;2022-03-03;tsh;25-80;3
099.204.552-53;Ladislau Duarte;lisha@rosenbaum.org;1981-02-02;s/n Marginal Pietro;Peritiba;Rio Grande do Norte;B000BJ8TIA;PR;Ana Sophia Aparício Neto;corene.hane@pagac.io;00S0MD;2022-03-03;t4-livre;34-60;77
099.204.552-53;Ladislau Duarte;lisha@rosenbaum.org;1981-02-02;s/n Marginal Pietro;Peritiba;Rio Grande do Norte;B000BJ8TIA;PR;Ana Sophia Aparício Neto;corene.hane@pagac.io;00S0MD;2022-03-03;ácido úrico;15-61;3
003.596.348-42;Valentina Cruz;cortez.dickens@farrell.name;1979-04-04;644 Ponte Ryan Esteves;São José da Coroa Grande;Rondônia;B000B7CDX4;SP;Sra. Calebe Louzada;kendra@nolan-sawayn.co;L13HPF;2021-04-27;eletrólitos;2-68;27
003.596.348-42;Valentina Cruz;cortez.dickens@farrell.name;1979-04-04;644 Ponte Ryan Esteves;São José da Coroa Grande;Rondônia;B000B7CDX4;SP;Sra. Calebe Louzada;kendra@nolan-sawayn.co;L13HPF;2021-04-27;tsh;25-80;89
003.596.348-42;Valentina Cruz;cortez.dickens@farrell.name;1979-04-04;644 Ponte Ryan Esteves;São José da Coroa Grande;Rondônia;B000B7CDX4;SP;Sra. Calebe Louzada;kendra@nolan-sawayn.co;L13HPF;2021-04-27;t4-livre;34-60;59
003.596.348-42;Valentina Cruz;cortez.dickens@farrell.name;1979-04-04;644 Ponte Ryan Esteves;São José da Coroa Grande;Rondônia;B000B7CDX4;SP;Sra. Calebe Louzada;kendra@nolan-sawayn.co;L13HPF;2021-04-27;ácido úrico;15-61;58
084.796.691-79;Pietra de Quadros Filho;dorian_jacobs@smitham.name;1992-06-09;398 Ponte Enzo da Aldeia;Estrela do Norte;Rio Grande do Sul;B000BJ8TIA;PR;Ana Sophia Aparício Neto;corene.hane@pagac.io;BJ9I6U;2021-06-26;hemácias;45-52;63
084.796.691-79;Pietra de Quadros Filho;dorian_jacobs@smitham.name;1992-06-09;398 Ponte Enzo da Aldeia;Estrela do Norte;Rio Grande do Sul;B000BJ8TIA;PR;Ana Sophia Aparício Neto;corene.hane@pagac.io;BJ9I6U;2021-06-26;leucócitos;9-61;43
084.796.691-79;Pietra de Quadros Filho;dorian_jacobs@smitham.name;1992-06-09;398 Ponte Enzo da Aldeia;Estrela do Norte;Rio Grande do Sul;B000BJ8TIA;PR;Ana Sophia Aparício Neto;corene.hane@pagac.io;BJ9I6U;2021-06-26;plaquetas;11-93;67
048.973.170-88;Emilly Batista Neto;gerald.crona@ebert-quigley.com;2001-03-11;165 Rua Rafaela;Ituverava;Alagoas;B00067668W;RS;Félix Garcês;letty_greenfelder@herzog.name;TYO7AX;2021-05-29;hemácias;45-52;7
048.973.170-88;Emilly Batista Neto;gerald.crona@ebert-quigley.com;2001-03-11;165 Rua Rafaela;Ituverava;Alagoas;B00067668W;RS;Félix Garcês;letty_greenfelder@herzog.name;TYO7AX;2021-05-29;leucócitos;9-61;43
048.973.170-88;Emilly Batista Neto;gerald.crona@ebert-quigley.com;2001-03-11;165 Rua Rafaela;Ituverava;Alagoas;B00067668W;RS;Félix Garcês;letty_greenfelder@herzog.name;TYO7AX;2021-05-29;plaquetas;11-93;61
048.973.170-88;Emilly Batista Neto;gerald.crona@ebert-quigley.com;2001-03-11;165 Rua Rafaela;Ituverava;Alagoas;B00067668W;RS;Félix Garcês;letty_greenfelder@herzog.name;TYO7AX;2021-05-29;hdl;19-75;89
048.973.170-88;Emilly Batista Neto;gerald.crona@ebert-quigley.com;2001-03-11;165 Rua Rafaela;Ituverava;Alagoas;B00067668W;RS;Félix Garcês;letty_greenfelder@herzog.name;TYO7AX;2021-05-29;ldl;45-54;7
048.973.170-88;Emilly Batista Neto;gerald.crona@ebert-quigley.com;2001-03-11;165 Rua Rafaela;Ituverava;Alagoas;B00067668W;RS;Félix Garcês;letty_greenfelder@herzog.name;TYO7AX;2021-05-29;vldl;48-72;83
048.973.170-88;Emilly Batista Neto;gerald.crona@ebert-quigley.com;2001-03-11;165 Rua Rafaela;Ituverava;Alagoas;B00067668W;RS;Félix Garcês;letty_greenfelder@herzog.name;TYO7AX;2021-05-29;glicemia;25-83;18
048.973.170-88;Emilly Batista Neto;gerald.crona@ebert-quigley.com;2001-03-11;165 Rua Rafaela;Ituverava;Alagoas;B00067668W;RS;Félix Garcês;letty_greenfelder@herzog.name;TYO7AX;2021-05-29;tgo;50-84;20
048.973.170-88;Emilly Batista Neto;gerald.crona@ebert-quigley.com;2001-03-11;165 Rua Rafaela;Ituverava;Alagoas;B00067668W;RS;Félix Garcês;letty_greenfelder@herzog.name;TYO7AX;2021-05-29;tgp;38-63;52
048.973.170-88;Emilly Batista Neto;gerald.crona@ebert-quigley.com;2001-03-11;165 Rua Rafaela;Ituverava;Alagoas;B00067668W;RS;Félix Garcês;letty_greenfelder@herzog.name;TYO7AX;2021-05-29;eletrólitos;2-68;64
048.973.170-88;Emilly Batista Neto;gerald.crona@ebert-quigley.com;2001-03-11;165 Rua Rafaela;Ituverava;Alagoas;B00067668W;RS;Félix Garcês;letty_greenfelder@herzog.name;TYO7AX;2021-05-29;tsh;25-80;63
048.973.170-88;Emilly Batista Neto;gerald.crona@ebert-quigley.com;2001-03-11;165 Rua Rafaela;Ituverava;Alagoas;B00067668W;RS;Félix Garcês;letty_greenfelder@herzog.name;TYO7AX;2021-05-29;t4-livre;34-60;25
048.973.170-88;Emilly Batista Neto;gerald.crona@ebert-quigley.com;2001-03-11;165 Rua Rafaela;Ituverava;Alagoas;B00067668W;RS;Félix Garcês;letty_greenfelder@herzog.name;TYO7AX;2021-05-29;ácido úrico;15-61;2
071.488.453-78;Antônio Rebouças;adalberto_grady@feil.org;1999-04-11;25228 Travessa Ladislau;Tefé;Sergipe;B0002W2RBG;SP;Dra. Isabelly Rêgo;diann_klein@schinner.org;AIWH8Y;2021-06-29;hemácias;45-52;6
071.488.453-78;Antônio Rebouças;adalberto_grady@feil.org;1999-04-11;25228 Travessa Ladislau;Tefé;Sergipe;B0002W2RBG;SP;Dra. Isabelly Rêgo;diann_klein@schinner.org;AIWH8Y;2021-06-29;leucócitos;9-61;18